<step title="Incoming Request" date="2025-12-03T11:36:43.583" instance="058122" url="/api/zipdeploy?isAsync=true" method="POST" type="request" pid="768,1,15" Accept="*/*" Host="efprediction-app.scm.azurewebsites.net" User-Agent="AZURECLI/2.77.0 (MSI)" Accept-Encoding="gzip, deflate" Authorization="Bea..." Cache-Control="no-cache" Content-Type="application/octet-stream" Content-Length="22547752" x-ms-client-request-id="4d1a31d7-d03c-11f0-9d34-000d3a1f7d17" x-ms-artifact-checksum="b46d9bc032bafb091c5f7cd19c574ebe004341fe0fa70ce2c5ba19b0fc74fcc6" X-ARR-LOG-ID="4d1a31d7-d03c-11f0-9d34-000d3a1f7d17" CLIENT-IP="20.102.97.247:3520" X-SITE-DEPLOYMENT-ID="efprediction-app" WAS-DEFAULT-HOSTNAME="efprediction-app.scm.azurewebsites.net" X-Forwarded-Proto="https" X-AppService-Proto="https" X-Forwarded-TlsVersion="1.3" X-WAWS-Unencoded-URL="/api/zipdeploy?isAsync=true" X-Client-IP="20.102.97.247" X-Client-Port="3520" >
  <step title="ZipPushDeploy" date="2025-12-03T11:36:43.813" >
    <step title="ZipDeploy. Extract zip." date="2025-12-03T11:36:43.823" /><!-- duration: 6ms -->
    <step title="None repository commit" date="2025-12-03T11:36:43.837" >
      <step title="Commit id: b8db27b7-07af-480d-a6ab-310bac6a771e" date="2025-12-03T11:36:43.842" Message="N/A" AuthorName="N/A" AuthorEmail="N/A" /><!-- duration: 5ms -->
    </step><!-- duration: 14ms -->
    <step title="Starting PushDeployAsync" date="2025-12-03T11:36:43.857" /><!-- duration: 5ms -->
    <step title="Writing artifact to /tmp/zipdeploy/d6d67d79-5c52-4389-ab89-cefd0e59ea41.zip" date="2025-12-03T11:36:43.878" >
      <step title="Writing multipart request body to /tmp/zipdeploy/d6d67d79-5c52-4389-ab89-cefd0e59ea41.zip" date="2025-12-03T11:36:43.883" /><!-- duration: 5ms -->
    </step><!-- duration: 165ms -->
    <step title="Start deployment in the background" date="2025-12-03T11:36:44.066" >
      <step title="Acquiring Deployment Lock" date="2025-12-03T11:36:44.097" /><!-- duration: 8ms -->
      <step title="Acquired Deployment Lock" date="2025-12-03T11:36:44.140" /><!-- duration: 5ms -->
    </step><!-- duration: 174ms -->
  </step><!-- duration: 436ms -->
  <step title="Outgoing response" date="2025-12-03T11:36:44.260" type="response" statusCode="202" statusText="Accepted" /><!-- duration: 5ms -->
</step><!-- duration: 687ms -->
