<step title="Incoming Request" date="2025-12-03T11:39:03.500" instance="058122" url="/api/zipdeploy?isAsync=true" method="POST" type="request" pid="768,1,15" Accept="*/*" Host="efprediction-app.scm.azurewebsites.net" User-Agent="AZURECLI/2.77.0 (MSI)" Accept-Encoding="gzip, deflate" Authorization="Bea..." Cache-Control="no-cache" Content-Type="application/octet-stream" Content-Length="44633170" x-ms-client-request-id="96d539b3-d03c-11f0-9f05-000d3a1f7d17" x-ms-artifact-checksum="da56f68db46ef940f96fb7589484da4cc8b2b1ba7673f3c0f7e6370f6878cbaa" X-ARR-LOG-ID="96d539b3-d03c-11f0-9f05-000d3a1f7d17" CLIENT-IP="20.102.97.247:3520" X-SITE-DEPLOYMENT-ID="efprediction-app" WAS-DEFAULT-HOSTNAME="efprediction-app.scm.azurewebsites.net" X-Forwarded-Proto="https" X-AppService-Proto="https" X-Forwarded-TlsVersion="1.3" X-WAWS-Unencoded-URL="/api/zipdeploy?isAsync=true" X-Client-IP="20.102.97.247" X-Client-Port="3520" >
  <step title="Cleanup Xml Logs" date="2025-12-03T11:39:03.504" /><!-- duration: 8ms -->
  <step title="ZipPushDeploy" date="2025-12-03T11:39:03.528" >
    <step title="ZipDeploy. Extract zip." date="2025-12-03T11:39:03.538" /><!-- duration: 5ms -->
    <step title="Starting PushDeployAsync" date="2025-12-03T11:39:03.551" /><!-- duration: 5ms -->
    <step title="Writing artifact to /tmp/zipdeploy/11bc7202-d75f-42d6-9288-6ec8991b9407.zip" date="2025-12-03T11:39:03.587" >
      <step title="Writing multipart request body to /tmp/zipdeploy/11bc7202-d75f-42d6-9288-6ec8991b9407.zip" date="2025-12-03T11:39:03.593" /><!-- duration: 5ms -->
    </step><!-- duration: 539ms -->
    <step title="Start deployment in the background" date="2025-12-03T11:39:04.144" >
      <step title="Acquiring Deployment Lock" date="2025-12-03T11:39:04.159" /><!-- duration: 5ms -->
      <step title="Acquired Deployment Lock" date="2025-12-03T11:39:04.203" /><!-- duration: 5ms -->
    </step><!-- duration: 135ms -->
  </step><!-- duration: 756ms -->
  <step title="Outgoing response" date="2025-12-03T11:39:04.289" type="response" statusCode="202" statusText="Accepted" /><!-- duration: 5ms -->
</step><!-- duration: 799ms -->
