﻿<?xml version="1.0" encoding="utf-8"?>
<deployment>
  <id>f3fe5efe-ae7f-4119-9167-1a8dadd534f7</id>
  <author>N/A</author>
  <deployer>Push-Deployer</deployer>
  <authorEmail>N/A</authorEmail>
  <message>Created via a push deployment</message>
  <progress></progress>
  <status>Success</status>
  <statusText></statusText>
  <lastSuccessEndTime>2025-12-03T11:39:40.3852649Z</lastSuccessEndTime>
  <receivedTime>2025-12-03T11:39:08.8965091Z</receivedTime>
  <startTime>2025-12-03T11:39:10.2775445Z</startTime>
  <endTime>2025-12-03T11:39:40.3852649Z</endTime>
  <complete>True</complete>
  <is_temp>False</is_temp>
  <is_readonly>True</is_readonly>
  <buildSummary />
</deployment>